date,dengue_cases
2021-01,8
2021-02,12
2021-03,20
2021-04,35
2021-05,60
2021-06,85
2021-07,95
2021-08,90
2021-09,75
2021-10,55
2021-11,35
2021-12,18
2022-01,10
2022-02,14
2022-03,25
2022-04,45
2022-05,75
2022-06,105
2022-07,115
2022-08,110
2022-09,90
2022-10,65
2022-11,40
2022-12,22
2023-01,15
2023-02,20
2023-03,30
2023-04,50
2023-05,85
2023-06,120
2023-07,130
2023-08,125
2023-09,100
2023-10,70
2023-11,45
2023-12,25
